"","Elevation (ft)","Live Storage (ac-ft)","Total Storage (ac-ft)","Area (acres)","EvapVolMax","EvapVolMaxUp","EvapVolMaxLo","EvapVolMin"
"1",895,0,2035000,30172.0000001,181032.0000006,193100.80000064,165946.00000055,NA
"2",895.5,15111,2050111,30270,181620,193728,166485,NA
"3",896,30270,2065270,30367.9999999,182207.9999994,194355.19999936,167023.99999945,NA
"4",896.5,45479,2080479,30466,182796,194982.4,167563,NA
"5",897,60736,2095736,30563.9999999,183383.9999994,195609.59999936,168101.99999945,NA
"6",897.5,76043,2111043,30662.0000001,183972.0000006,196236.80000064,168641.00000055,NA
"7",898,91397.9999999,2126397.9999999,30760,184560,196864,169180,NA
"8",898.5,106803,2141803,30857.9999999,185147.9999994,197491.19999936,169718.99999945,NA
"9",899,122257,2157257,30956,185736,198118.4,170258,NA
"10",899.5,137759,2172759,31053.9999999,186323.9999994,198745.59999936,170796.99999945,NA
"11",900,153311,2188311,31152.0000001,186912.0000006,199372.80000064,171336.00000055,NA
"12",900.5,168917,2203917,31273.0000001,187638.0000006,200147.20000064,172001.50000055,NA
"13",901,184584,2219584,31394,188364,200921.6,172667,184584
"14",901.5,200311,2235311,31514.0000001,189084.0000006,201689.60000064,173327.00000055,185200
"15",902,216098,2251098,31635.0000001,189810.0000006,202464.00000064,173992.50000055,185828
"16",902.5,231946,2266946,31754.9999999,190529.9999994,203231.99999936,174652.49999945,186467
"17",903,247854,2282854,31875.9999999,191255.9999994,204006.39999936,175317.99999945,187118
"18",903.5,263822,2298822,31997.0000001,191982.0000006,204780.80000064,175983.50000055,187779
"19",904,279851,2314851,32116.9999999,192701.9999994,205548.79999936,176643.49999945,188453.0000001
"20",904.5,295939,2330939,32237.9999999,193427.9999994,206323.19999936,177308.99999945,189136
"21",905,312088,2347088,32358.9999999,194153.9999994,207097.59999936,177974.49999945,189831
"22",905.5,328298,2363298,32479,194874,207865.6,178634.5,190539
"23",906,344568,2379568,32599.9999999,195599.9999994,208639.99999936,179299.99999945,191257
"24",906.5,360898,2395898,32720,196320,209408,179960,191981
"25",907,377288,2412288,32841,197046,210182.4,180625.5,192704
"26",907.5,393739,2428739,32962,197772,210956.8,181291,193428
"27",908,410250,2445250,33082,198492,211724.8,181951,194152
"28",908.5,426821,2461821,33203,199218,212499.2,182616.5,194875
"29",909,443452,2478452,33323.0000001,199938.0000006,213267.20000064,183276.50000055,195598
"30",909.5,460144,2495144,33444.0000001,200664.0000006,214041.60000064,183942.00000055,196322
"31",910,476896,2511896,33565,201390,214816,184607.5,197045
"32",910.5,493708,2528708,33683.0000001,202098.0000006,215571.20000064,185256.50000055,197769
"33",911,510579,2545579,33800,202800,216320,185900,198491
"34",911.5,527509,2562509,33918,203508,217075.2,186549,199211
"35",912,544497,2579497,34036,204216,217830.4,187198,199929
"36",912.5,561545,2596545,34154.0000001,204924.0000006,218585.60000064,187847.00000055,200647
"37",913,578651,2613651,34271.9999999,205631.9999994,219340.79999936,188495.99999945,201363
"38",913.5,595817,2630817,34389.9999999,206339.9999994,220095.99999936,189144.99999945,202078
"39",914,613041,2648041,34508,207048,220851.2,189794,202791
"40",914.5,630324,2665324,34626,207756,221606.4,190443,203503
"41",915,647667,2682667,34742.9999999,208457.9999994,222355.19999936,191086.49999945,204215
"42",915.5,665068,2700068,34860.9999999,209165.9999994,223110.39999936,191735.49999945,204924
"43",916,682528,2717528,34979,209874,223865.6,192384.5,205632
"44",916.5,700047,2735047,35097,210582,224620.8,193033.5,206339
"45",917,717625,2752625,35215,211290,225376,193682.5,207046
"46",917.5,735262,2770262,35333.0000001,211998.0000006,226131.20000064,194331.50000055,207753
"47",918,752958,2787958,35451.0000001,212706.0000006,226886.40000064,194980.50000055,208461
"48",918.5,770713,2805713,35568.9999999,213413.9999994,227641.59999936,195629.49999945,209168
"49",919,788526,2823526,35686.0000001,214116.0000006,228390.40000064,196273.00000055,209875
"50",919.5,806399,2841399,35804.0000001,214824.0000006,229145.60000064,196922.00000055,210582
"51",920,824331.000002,2859331.000002,35921.9999999,215531.9999994,229900.79999936,197570.99999945,211290.000002
"52",920.5,842319.999998,2877319.999998,36036.0000001,216216.0000006,230630.40000064,198198.00000055,211995.999998
"53",921,860367.000004,2895367.000004,36150.0000001,216900.0000006,231360.00000064,198825.00000055,212700.000004
"54",921.5,878470.999998,2913470.999998,36264,217584,232089.6,199452,213402.999998
"55",922,896630.999998,2931630.999998,36378,218268,232819.2,200079,214102.999998
"56",922.5,914849.000001,2949849.000001,36491.9999999,218951.9999994,233548.79999936,200705.99999945,214802.000001
"57",923,933123.000002,2968123.000002,36607.0000001,219642.0000006,234284.80000064,201338.50000055,215498.000002
"58",923.5,951454.999997,2986454.999997,36721,220326,235014.4,201965.5,216192.999997
"59",924,969843.999996,3004843.999996,36835,221010,235744,202592.5,216885.999996
"60",924.5,988290,3023290,36948.9999999,221693.9999994,236473.59999936,203219.49999945,217577
"61",925,1006793,3041793,37062.9999999,222377.9999994,237203.19999936,203846.49999945,218267
"62",925.5,1025353,3060353,37177.0000001,223062.0000006,237932.80000064,204473.50000055,218954
"63",926,1043970,3078970,37291.0000001,223746.0000006,238662.40000064,205100.50000055,219638.999998
"64",926.5,1062644,3097644,37405,224430,239392,205727.5,220324.000002
"65",927,1081375,3116375,37519,225114,240121.6,206354.5,221007.999996
"66",927.5,1100163,3135163,37633,225798,240851.2,206981.5,221692.000002
"67",928,1119008,3154008,37746.9999999,226481.9999994,241580.79999936,207608.49999945,222377.000002
"68",928.5,1137910,3172910,37860.9999999,227165.9999994,242310.39999936,208235.49999945,223060.999999
"69",929,1156869,3191869,37975.0000001,227850.0000006,243040.00000064,208862.50000055,223745.999998
"70",929.5,1175885,3210885,38089.0000001,228534.0000006,243769.60000064,209489.50000055,224430.000003
"71",930,1194958,3229958,38203,229218,244499.2,210116.5,225114.000004
"72",930.5,1214089,3249089,38319.9999999,229919.9999994,245247.99999936,210759.99999945,225799
"73",931,1233278,3268278,38435.9999999,230615.9999994,245990.39999936,211397.99999945,226485
"74",931.5,1252525,3287525,38551.9999999,231311.9999994,246732.79999936,212035.99999945,227172
"75",932,1271830,3306830,38667.9999999,232007.9999994,247475.19999936,212673.99999945,227860
"76",932.5,1291193,3326193,38783.9999999,232703.9999994,248217.59999936,213311.99999945,228549
"77",933,1310614,3345614,38899.9999999,233399.9999994,248959.99999936,213949.99999945,229239
"78",933.5,1330093,3365093,39015.9999999,234095.9999994,249702.39999936,214587.99999945,229930
"79",934,1349630,3384630,39133.0000001,234798.0000006,250451.20000064,215231.50000055,230622
"80",934.5,1369226,3404226,39249.0000001,235494.0000006,251193.60000064,215869.50000055,231316
"81",935,1388879,3423879,39365.0000001,236190.0000006,251936.00000064,216507.50000055,232010
"82",935.5,1408591,3443591,39481.0000001,236886.0000006,252678.40000064,217145.50000055,232706
"83",936,1428360,3463360,39597.0000001,237582.0000006,253420.80000064,217783.50000055,233402
"84",936.5,1448188,3483188,39713.0000001,238278.0000006,254163.20000064,218421.50000055,234099
"85",937,1468074,3503074,39830,238980,254912,219065,234796
"86",937.5,1488018,3523018,39946,239676,255654.4,219703,235493
"87",938,1508019,3543019,40062,240372,256396.8,220341,236189
"88",938.5,1528079,3563079,40178,241068,257139.2,220979,236886
"89",939,1548198,3583198,40294,241764,257881.6,221617,237584
"90",939.5,1568374,3603374,40410,242460,258624,222255,238281
"91",940,1588608,3623608,40527.0000001,243162.0000006,259372.80000064,222898.50000055,238978
"92",940.5,1608900,3643900,40644,243864,260121.6,223542,239674
"93",941,1629251,3664251,40760.9999999,244565.9999994,260870.39999936,224185.49999945,240372
"94",941.5,1649661,3684661,40878,245268,261619.2,224829,241070
"95",942,1670130,3705130,40994.9999999,245969.9999994,262367.99999936,225472.49999945,241770
"96",942.5,1690656,3725656,41112.0000001,246672.0000006,263116.80000064,226116.00000055,242468
"97",943,1711242,3746242,41229,247374,263865.6,226759.5,243168
"98",943.5,1731886,3766886,41346.0000001,248076.0000006,264614.40000064,227403.00000055,243868
"99",944,1752588,3787588,41463,248778,265363.2,228046.5,244569
"100",944.5,1773349,3808349,41581,249486,266118.4,228695.5,245270
"101",945,1794169,3829169,41697.9999999,250187.9999994,266867.19999936,229338.99999945,245971
"102",945.5,1815047,3850047,41815.0000001,250890.0000006,267616.00000064,229982.50000055,246673
"103",946,1835984,3870984,41932,251592,268364.8,230626,247376
"104",946.5,1856979,3891979,42048.9999999,252293.9999994,269113.59999936,231269.49999945,248079
"105",947,1878033,3913033,42166,252996,269862.4,231913,248782
"106",947.5,1899145,3934145,42282.9999999,253697.9999994,270611.19999936,232556.49999945,249484
"107",948,1920316,3955316,42400.0000001,254400.0000006,271360.00000064,233200.00000055,250186
"108",948.5,1941545,3976545,42518.0000001,255108.0000006,272115.20000064,233849.00000055,250889
"109",949,1962834,3997834,42635,255810,272864,234492.5,251592
"110",949.5,1984180,4019180,42751.9999999,256511.9999994,273612.79999936,235135.99999945,252294
"111",950,2005585,4040585,42869,257214,274361.6,235779.5,252997
"112",950.5,2027052,4062052,42999.0000001,257994.0000006,275193.60000064,236494.50000055,253703
"113",951,2048584,4083584,43127.9999999,258767.9999994,276019.19999936,237203.99999945,254415
"114",951.5,2070180,4105180,43258,259548,276851.2,237919,255133
"115",952,2091842,4126842,43387.0000001,260322.0000006,277676.80000064,238628.50000055,255858
"116",952.5,2113568,4148568,43517.0000001,261102.0000006,278508.80000064,239343.50000055,256589
"117",953,2135358,4170358,43646.9999999,261881.9999994,279340.79999936,240058.49999945,257325
"118",953.5,2157214,4192214,43776,262656,280166.4,240768,258069
"119",954,2179135,4214135,43906,263436,280998.4,241483,258819
"120",954.5,2201120,4236120,44034.9999999,264209.9999994,281823.99999936,242192.49999945,259575
"121",955,2223170,4258170,44164.9999999,264989.9999994,282655.99999936,242907.49999945,260336
"122",955.5,2245285,4280285,44294.9999999,265769.9999994,283487.99999936,243622.49999945,261105
"123",956,2267464,4302464,44424.0000001,266544.0000006,284313.60000064,244332.00000055,261879
"124",956.5,2289709,4324709,44554.0000001,267324.0000006,285145.60000064,245047.00000055,262657
"125",957,2312018,4347018,44683,268098,285971.2,245756.5,263434
"126",957.5,2334392,4369392,44813,268878,286803.2,246471.5,264212
"127",958,2356831,4391831,44943,269658,287635.2,247186.5,264989
"128",958.5,2379335,4414335,45071.9999999,270431.9999994,288460.79999936,247895.99999945,265767
"129",959,2401903,4436903,45201.9999999,271211.9999994,289292.79999936,248610.99999945,266545
"130",959.5,2424536,4459536,45331,271986,290118.4,249320.5,267322
"131",960,2447235,4482235,45461.0000001,272766.0000006,290950.40000064,250035.50000055,268100
"132",960.5,2469995,4504995,45580,273480,291712,250690,268875
"133",961,2492815,4527815,45700.0000001,274200.0000006,292480.00000064,251350.00000055,269645
"134",961.5,2515695,4550695,45819,274914,293241.6,252004.5,270410
"135",962,2538634,4573634,45937.9999999,275627.9999994,294003.19999936,252658.99999945,271170
"136",962.5,2561633,4596633,46056.9999999,276341.9999994,294764.79999936,253313.49999945,271924
"137",963,2584691,4619691,46177,277062,295532.8,253973.5,272673
"138",963.5,2607809,4642809,46295.9999999,277775.9999994,296294.39999936,254627.99999945,273417
"139",964,2630987,4665987,46415.0000001,278490.0000006,297056.00000064,255282.50000055,274156
"140",964.5,2654225,4689225,46534,279204,297817.6,255937,274890
"141",965,2677522,4712522,46654.0000001,279924.0000006,298585.60000064,256597.00000055,275619
"142",965.5,2700878,4735878,46773,280638,299347.2,257251.5,276342
"143",966,2724295,4759295,46892,281352,300108.8,257906,277060
"144",966.5,2747771,4782771,47012,282072,300876.8,258566,277776
"145",967,2771306,4806306,47131,282786,301638.4,259220.5,278491
"146",967.5,2794901,4829901,47249.9999999,283499.9999994,302399.99999936,259874.99999945,279206
"147",968,2818556,4853556,47369.0000001,284214.0000006,303161.60000064,260529.50000055,279922
"148",968.5,2842271,4877271,47488.9999999,284933.9999994,303929.59999936,261189.49999945,280638
"149",969,2866046,4901046,47608.0000001,285648.0000006,304691.20000064,261844.00000055,281355
"150",969.5,2889878,4924878,47727,286362,305452.8,262498.5,282069
"151",970,2913772,4948772,47847.0000001,287082.0000006,306220.80000064,263158.50000055,282785
"152",970.5,2937729,4972729,47981,287886,307078.4,263895.5,283504
"153",971,2961753,4996753,48113.9999999,288683.9999994,307929.59999936,264626.99999945,284231
"154",971.5,2985843,5020843,48248,289488,308787.2,265364,284965
"155",972,3010001,5045001,48382.0000001,290292.0000006,309644.80000064,266101.00000055,285706
"156",972.5,3034226,5069226,48516,291096,310502.4,266838,286455
"157",973,3058517,5093517,48650.0000001,291900.0000006,311360.00000064,267575.00000055,287211
"158",973.5,3082876,5117876,48783.9999999,292703.9999994,312217.59999936,268311.99999945,287975
"159",974,3107301,5142301,48918,293508,313075.2,269049,288745
"160",974.5,3131794,5166794,49052.0000001,294312.0000006,313932.80000064,269786.00000055,289523
"161",975,3156353,5191353,49186,295116,314790.4,270523,290307
"162",975.5,3180979,5215979,49320.0000001,295920.0000006,315648.00000064,271260.00000055,291101
"163",976,3205673,5240673,49453.9999999,296723.9999994,316505.59999936,271996.99999945,291901
"164",976.5,3230433,5265433,49587.0000001,297522.0000006,317356.80000064,272728.50000055,292704
"165",977,3255260,5290260,49721,298326,318214.4,273465.5,293507
"166",977.5,3280154,5315154,49855.0000001,299130.0000006,319072.00000064,274202.50000055,294311
"167",978,3305115,5340115,49988.9999999,299933.9999994,319929.59999936,274939.49999945,295114
"168",978.5,3330143,5365143,50123,300738,320787.2,275676.5,295917
"169",979,3355238,5390238,50257.0000001,301542.0000006,321644.80000064,276413.50000055,296721
"170",979.5,3380401,5415401,50391,302346,322502.4,277150.5,297525
"171",980,3405630,5440630,50525.0000001,303150.0000006,323360.00000064,277887.50000055,298329
"172",980.5,3430929,5465929,50674.0000001,304044.0000006,324313.60000064,278707.00000055,299135
"173",981,3456303,5491303,50824,304944,325273.6,279532,299950
"174",981.5,3481753,5516753,50973.9999999,305843.9999994,326233.59999936,280356.99999945,300774
"175",982,3507278,5542278,51122.9999999,306737.9999994,327187.19999936,281176.49999945,301605
"176",982.5,3532877,5567877,51273.0000001,307638.0000006,328147.20000064,282001.50000055,302444
"177",983,3558550,5593550,51423,308538,329107.2,282826.5,303290
"178",983.5,3584299,5619299,51572,309432,330060.8,283646,304145
"179",984,3610123,5645123,51721.9999999,310331.9999994,331020.79999936,284470.99999945,305008
"180",984.5,3636021,5671021,51872.0000001,311232.0000006,331980.80000064,285296.00000055,305878
"181",985,3661994,5696994,52021.0000001,312126.0000006,332934.40000064,286115.50000055,306756
"182",985.5,3688042,5723042,52171,313026,333894.4,286940.5,307641
"183",986,3714165,5749165,52320.9999999,313925.9999994,334854.39999936,287765.49999945,308535
"184",986.5,3740363,5775363,52469.9999999,314819.9999994,335807.99999936,288584.99999945,309434
"185",987,3766635,5801635,52620.0000001,315720.0000006,336768.00000064,289410.00000055,310332
"186",987.5,3792982,5827982,52769.0000001,316614.0000006,337721.60000064,290229.50000055,311229
"187",988,3819405,5854405,52919,317514,338681.6,291054.5,312127
"188",988.5,3845902,5880902,53068.9999999,318413.9999994,339641.59999936,291879.49999945,313025
"189",989,3872474,5907474,53217.9999999,319307.9999994,340595.19999936,292698.99999945,313924
"190",989.5,3899120,5934120,53368.0000001,320208.0000006,341555.20000064,293524.00000055,314821
"191",990,3925842,5960842,53518,321108,342515.2,294349,315719
"192",990.5,3952636,5987636,53660,321960,343424,295130,316615
"193",991,3979502,6014502,53802.9999999,322817.9999994,344339.19999936,295916.49999945,317508
"194",991.5,4006440,6041440,53946.0000001,323676.0000006,345254.40000064,296703.00000055,318398
"195",992,4033448,6068448,54089,324534,346169.6,297489.5,319283
"196",992.5,4060528,6095528,54232.0000001,325392.0000006,347084.80000064,298276.00000055,320165
"197",993,4087680,6122680,54375,326250,348000,299062.5,321045
"198",993.5,4114903,6149903,54517,327102,348908.8,299843.5,321921
"199",994,4142198,6177198,54659.9999999,327959.9999994,349823.99999936,300629.99999945,322793
"200",994.5,4169563,6204563,54803.0000001,328818.0000006,350739.20000064,301416.50000055,323661
"201",995,4197001,6232001,54946,329676,351654.4,302203,324527
"202",995.5,4224510,6259510,55089.0000001,330534.0000006,352569.60000064,302989.50000055,325390
"203",996,4252089,6287089,55232,331392,353484.8,303776,326247
"204",996.5,4279741,6314741,55374,332244,354393.6,304557,327105
"205",997,4307464,6342464,55516.9999999,333101.9999994,355308.79999936,305343.49999945,327962
"206",997.5,4335258,6370258,55660.0000001,333960.0000006,356224.00000064,306130.00000055,328818
"207",998,4363125,6398125,55803,334818,357139.2,306916.5,329677
"208",998.5,4391061,6426061,55946.0000001,335676.0000006,358054.40000064,307703.00000055,330533
"209",999,4419070,6454070,56089,336534,358969.6,308489.5,331390
"210",999.5,4447150,6482150,56231,337386,359878.4,309270.5,332247
"211",1000,4475301,6510301,56373.9999999,338243.9999994,360793.59999936,310056.99999945,333103
"212",1000.5,4503527,6538527,56529,339174,361785.6,310909.5,333964
"213",1001,4531830,6566830,56683.9999999,340103.9999994,362777.59999936,311761.99999945,334829
"214",1001.5,4560212,6595212,56839.0000001,341034.0000006,363769.60000064,312614.50000055,335702
"215",1002,4588670,6623670,56995.0000001,341970.0000006,364768.00000064,313472.50000055,336581
"216",1002.5,4617206,6652206,57150,342900,365760,314325,337465
"217",1003,4645820,6680820,57305.0000001,343830.0000006,366752.00000064,315177.50000055,338356
"218",1003.5,4674511,6709511,57460,344760,367744,316030,339253
"219",1004,4703279,6738279,57615.0000001,345690.0000006,368736.00000064,316882.50000055,340154
"220",1004.5,4732126,6767126,57770,346620,369728,317735,341065
"221",1005,4761049,6796049,57925.0000001,347550.0000006,370720.00000064,318587.50000055,341979
"222",1005.5,4790050,6825050,58080,348480,371712,319440,342900
"223",1006,4819129,6854129,58234.9999999,349409.9999994,372703.99999936,320292.49999945,343828
"224",1006.5,4848286,6883286,58390,350340,373696,321145,344759
"225",1007,4877519,6912519,58544.9999999,351269.9999994,374687.99999936,321997.49999945,345689
"226",1007.5,4906831,6941831,58700,352200,375680,322850,346619
"227",1008,4936219,6971219,58854.9999999,353129.9999994,376671.99999936,323702.49999945,347549
"228",1008.5,4965686,7000686,59010,354060,377664,324555,348480
"229",1009,4995230,7030230,59164.9999999,354989.9999994,378655.99999936,325407.49999945,349410
"230",1009.5,5024851,7059851,59320.0000001,355920.0000006,379648.00000064,326260.00000055,350340
"231",1010,5054550,7089550,59474.9999999,356849.9999994,380639.99999936,327112.49999945,351271
"232",1010.5,5084326,7119326,59628,357768,381619.2,327954,352200
"233",1011,5114179,7149179,59780.9999999,358685.9999994,382598.39999936,328795.49999945,353130
"234",1011.5,5144107,7179107,59934,359604,383577.6,329637,354057
"235",1012,5174113,7209113,60087.0000001,360522.0000006,384556.80000064,330478.50000055,354984
"236",1012.5,5204194,7239194,60239.9999999,361439.9999994,385535.99999936,331319.99999945,355908
"237",1013,5234353,7269353,60393,362358,386515.2,332161.5,356834
"238",1013.5,5264587,7299587,60546.0000001,363276.0000006,387494.40000064,333003.00000055,357756
"239",1014,5294898,7329898,60698.9999999,364193.9999994,388473.59999936,333844.49999945,358679
"240",1014.5,5325286,7360286,60850.9999999,365105.9999994,389446.39999936,334680.49999945,359600
"241",1015,5355750,7390750,61004,366024,390425.6,335522,360520
"242",1015.5,5386290,7421290,61157.0000001,366942.0000006,391404.80000064,336363.50000055,361439
"243",1016,5416907,7451907,61309.9999999,367859.9999994,392383.99999936,337204.99999945,362357
"244",1016.5,5447600,7482600,61463,368778,393363.2,338046.5,363274
"245",1017,5478370,7513370,61616.0000001,369696.0000006,394342.40000064,338888.00000055,364191
"246",1017.5,5509216,7544216,61768.9999999,370613.9999994,395321.59999936,339729.49999945,365109
"247",1018,5540139,7575139,61922,371532,396300.8,340571,366026
"248",1018.5,5571138,7606138,62074.9999999,372449.9999994,397279.99999936,341412.49999945,366944
"249",1019,5602213,7637213,62227.0000001,373362.0000006,398252.80000064,342248.50000055,367860
"250",1019.5,5633365,7668365,62379.9999999,374279.9999994,399231.99999936,343089.99999945,368778
"251",1020,5664593,7699593,62533,375198,400211.2,343931.5,369695
"252",1020.5,5695898,7730898,62687.9999999,376127.9999994,401203.19999936,344783.99999945,370612
"253",1021,5727281,7762281,62841.9999999,377051.9999994,402188.79999936,345630.99999945,371531
"254",1021.5,5758741,7793741,62997,377982,403180.8,346483.5,372451
"255",1022,5790278,7825278,63151,378906,404166.4,347330.5,373371
"256",1022.5,5821892,7856892,63305.9999999,379835.9999994,405158.39999936,348182.99999945,374292
"257",1023,5853583,7888583,63460.0000001,380760.0000006,406144.00000064,349030.00000055,375213
"258",1023.5,5885352,7920352,63615,381690,407136,349882.5,376136
"259",1024,5917198,7952198,63769,382614,408121.6,350729.5,377059
"260",1024.5,5949121,7984121,63923.9999999,383543.9999994,409113.59999936,351581.99999945,377983
"261",1025,5981122,8016122,64078.0000001,384468.0000006,410099.20000064,352429.00000055,378909
"262",1025.5,6013200,8048200,64233,385398,411091.2,353281.5,379835
"263",1026,6045355,8080355,64387,386322,412076.8,354128.5,380762
"264",1026.5,6077587,8112587,64542.0000001,387252.0000006,413068.80000064,354981.00000055,381689
"265",1027,6109897,8144897,64696.0000001,388176.0000006,414054.40000064,355828.00000055,382616
"266",1027.5,6142284,8177284,64851,389106,415046.4,356680.5,383543
"267",1028,6174748,8209748,65006.0000001,390036.0000006,416038.40000064,357533.00000055,384470
"268",1028.5,6207289,8242289,65160.0000001,390960.0000006,417024.00000064,358380.00000055,385397
"269",1029,6239908,8274908,65315,391890,418016,359232.5,386325
"270",1029.5,6272604,8307604,65469,392814,419001.6,360079.5,387252
"271",1030,6305377,8340377,65624.0000001,393744.0000006,419993.60000064,360932.00000055,388179
"272",1030.5,6338229,8373229,65784,394704,421017.6,361812,389108
"273",1031,6371161,8406161,65945,395670,422048,362697.5,390039
"274",1031.5,6404174,8439174,66105.0000001,396630.0000006,423072.00000064,363577.50000055,390974
"275",1032,6437266,8472266,66266.0000001,397596.0000006,424102.40000064,364463.00000055,391911
"276",1032.5,6470439,8505439,66425.9999999,398555.9999994,425126.39999936,365342.99999945,392852
"277",1033,6503693,8538693,66586.9999999,399521.9999994,426156.79999936,366228.49999945,393796
"278",1033.5,6537026,8572026,66747,400482,427180.8,367108.5,394742
"279",1034,6570440,8605440,66908,401448,428211.2,367994,395692
"280",1034.5,6603934,8638934,67068.0000001,402408.0000006,429235.20000064,368874.00000055,396645
"281",1035,6637508,8672508,67229.0000001,403374.0000006,430265.60000064,369759.50000055,397600
"282",1035.5,6671163,8706163,67389,404334,431289.6,370639.5,398559
"283",1036,6704897,8739897,67550,405300,432320,371525,399520
"284",1036.5,6738713,8773713,67710.0000001,406260.0000006,433344.00000064,372405.00000055,400484
"285",1037,6772608,8807608,67871.0000001,407226.0000006,434374.40000064,373290.50000055,401447
"286",1037.5,6806583,8841583,68030.9999999,408185.9999994,435398.39999936,374170.49999945,402409
"287",1038,6840639,8875639,68191.9999999,409151.9999994,436428.79999936,375055.99999945,403373
"288",1038.5,6874775,8909775,68352,410112,437452.8,375936,404336
"289",1039,6908992,8943992,68513,411078,438483.2,376821.5,405299
"290",1039.5,6943288,8978288,68672.9999999,412037.9999994,439507.19999936,377701.49999945,406262
"291",1040,6977665,9012665,68833.9999999,413003.9999994,440537.59999936,378586.99999945,407225
"292",1040.5,7012124,9047124,69003,414018,441619.2,379516.5,408190
"293",1041,7046668,9081668,69171,415026,442694.4,380440.5,409160
"294",1041.5,7081296,9116296,69339.9999999,416039.9999994,443775.99999936,381369.99999945,410133
"295",1042,7116008,9151008,69509.0000001,417054.0000006,444857.60000064,382299.50000055,411111
"296",1042.5,7150804,9185804,69677.0000001,418062.0000006,445932.80000064,383223.50000055,412091
"297",1043,7185685,9220685,69846,419076,447014.4,384153,413077
"298",1043.5,7220651,9255651,70014.9999999,420089.9999994,448095.99999936,385082.49999945,414068
"299",1044,7255700,9290700,70184.0000001,421104.0000006,449177.60000064,386012.00000055,415061
"300",1044.5,7290834,9325834,70352.0000001,422112.0000006,450252.80000064,386936.00000055,416059
"301",1045,7326052,9361052,70521,423126,451334.4,387865.5,417060
"302",1045.5,7361355,9396355,70689.9999999,424139.9999994,452415.99999936,388794.99999945,418067
"303",1046,7396742,9431742,70857.9999999,425147.9999994,453491.19999936,389718.99999945,419077
"304",1046.5,7432213,9467213,71027,426162,454572.8,390648.5,420089
"305",1047,7467768,9502768,71196,427176,455654.4,391578,421100
"306",1047.5,7503408,9538408,71364,428184,456729.6,392502,422112
"307",1048,7539138,9574138,71533.0000001,429198.0000006,457811.20000064,393431.50000055,423130
"308",1048.5,7574938,9609938,71702,430212,458892.8,394361,424134
"309",1049,7610838,9645838,71870.9999999,431225.9999994,459974.39999936,395290.49999945,425153
"310",1049.5,7646818,9681818,72038.9999999,432233.9999994,461049.59999936,396214.49999945,426167
"311",1050,7682878,9717878,72208.0000001,433248.0000006,462131.20000064,397144.00000055,427178
"312",1050.5,7719018,9754018,72393,434358,463315.2,398161.5,428184
"313",1051,7755258,9790258,72573.9999999,435443.9999994,464473.59999936,399156.99999945,429206
"314",1051.5,7791588,9826588,72755.0000001,436530.0000006,465632.00000064,400152.50000055,430233
"315",1052,7828018,9863018,72936,437616,466790.4,401148,431276
"316",1052.5,7864528,9899528,73117.0000001,438702.0000006,467948.80000064,402143.50000055,432315
"317",1053,7901128,9936128,73298,439788,469107.2,403139,433360
"318",1053.5,7937828,9972828,73479.0000001,440874.0000006,470265.60000064,404134.50000055,434420
"319",1054,7974608,10009608,73660,441960,471424,405130,435470
"320",1054.5,8011488,10046488,73840.9999999,443045.9999994,472582.39999936,406125.49999945,436550
"321",1055,8048458,10083458,74022,444132,473740.8,407121,437620
"322",1055.5,8085508,10120508,74202.9999999,445217.9999994,474899.19999936,408116.49999945,438690
"323",1056,8122657.99999,10157657.99999,74384,446304,476057.6,409112,439779.99999
"324",1056.5,8159897.99997,10194897.99997,74564.9999999,447389.9999994,477215.99999936,410107.49999945,440879.99997
"325",1057,8197217.99999,10232217.99999,74746.0000001,448476.0000006,478374.40000064,411103.00000055,441959.99999
"326",1057.5,8234638.00002,10269638.00002,74927,449562,479532.8,412098.5,443050.00002
"327",1058,8272148,10307148,75108.0000001,450648.0000006,480691.20000064,413094.00000055,444130
"328",1058.5,8309748,10344748,75289,451734,481849.6,414089.5,445220
"329",1059,8347438.00004,10382438.00004,75470.0000001,452820.0000006,483008.00000064,415085.00000055,446310.00004
"330",1059.5,8385218.00002,10420218.00002,75651,453906,484166.4,416080.5,447390.00002
"331",1060,8423088.00003,10458088.00003,75831.9999999,454991.9999994,485324.79999936,417075.99999945,448480.00003
"332",1060.5,8461047.99999,10496047.99999,76013,456078,486483.2,418071.5,449559.999989999
"333",1061,8499097.99997,10534097.99997,76193.9999999,457163.9999994,487641.59999936,419066.99999945,450639.99997
"334",1061.5,8537247.99997,10572247.99997,76375,458250,488800,420062.5,451739.99997
"335",1062,8575478.00001,10610478.00001,76555.9999999,459335.9999994,489958.39999936,421057.99999945,452820.00002
"336",1062.5,8613798,10648798,76737.0000001,460422.0000006,491116.80000064,422053.50000055,453900.00003
"337",1063,8652218,10687218,76918,461508,492275.2,423049,455000.00001
"338",1063.5,8690717.99996,10725717.99996,77099.0000001,462594.0000006,493433.60000064,424044.50000055,456079.99994
"339",1064,8729308.00003,10764308.00003,77280,463680,494592,425040,457160.00003
"340",1064.5,8767998.00004,10802998.00004,77461.0000001,464766.0000006,495750.40000064,426035.50000055,458250.00004
"341",1065,8806768,10841768,77642,465852,496908.8,427031,459329.99996
"342",1065.5,8845637.99998,10880637.99998,77822.9999999,466937.9999994,498067.19999936,428026.49999945,460419.999960001
"343",1066,8884597.99999,10919597.99999,78004,468024,499225.6,429022,461509.99996
"344",1066.5,8923637.99996,10958637.99996,78184.9999999,469109.9999994,500383.99999936,430017.49999945,462589.99997
"345",1067,8962778.00002,10997778.00002,78366,470196,501542.4,431013,463680.000049999
"346",1067.5,9002008.00003,11037008.00003,78546.9999999,471281.9999994,502700.79999936,432008.49999945,464760.00006
"347",1068,9041327.99999,11076327.99999,78726.9999999,472361.9999994,503852.79999936,432998.49999945,465849.999979999
"348",1068.5,9080737.99998,11115737.99998,78908.0000001,473448.0000006,505011.20000064,433994.00000055,466939.999980001
"349",1069,9120237.99999,11155237.99999,79089,474534,506169.6,434989.5,468019.999989999
"350",1069.5,9159828.00003,11194828.00003,79270.0000001,475620.0000006,507328.00000064,435985.00000055,469110.00007
"351",1070,9199508.00002,11234508.00002,79451,476706,508486.4,436980.5,470199.999989999
"352",1070.5,9239267.99997,11274267.99997,79616.9999999,477701.9999994,509548.79999936,437893.49999945,471269.99993
"353",1071,9279118.00003,11314118.00003,79787,478722,510636.8,438828.5,472350.00003
"354",1071.5,9319047.99997,11354047.99997,79957,479742,511724.8,439763.5,473409.999989999
"355",1072,9359068.00002,11394068.00002,80127.0000001,480762.0000006,512812.80000064,440698.50000055,474470.00003
"356",1072.5,9399178.00002,11434178.00002,80296.9999999,481781.9999994,513900.79999936,441633.49999945,475540.00006
"357",1073,9439367.99998,11474367.99998,80468.0000001,482808.0000006,514995.20000064,442574.00000055,476589.999960002
"358",1073.5,9479647.99996,11514647.99996,80637.9999999,483827.9999994,516083.19999936,443508.99999945,477639.99993
"359",1074,9520007.99999,11555007.99999,80807.9999999,484847.9999994,517171.19999936,444443.99999945,478680
"360",1074.5,9560447.99999,11595447.99999,80978,485868,518259.2,445379,479710.000009999
"361",1075,9600987.99999,11635987.99999,81148,486888,519347.2,446314,480750
"362",1075.5,9641597.99997,11676597.99997,81318.0000001,487908.0000006,520435.20000064,447249.00000055,481769.99994
"363",1076,9682297.99998,11717297.99998,81488.0000001,488928.0000006,521523.20000064,448184.00000055,482789.999960002
"364",1076.5,9723088.00002,11758088.00002,81657.9999999,489947.9999994,522611.19999936,449118.99999945,483820.000049999
"365",1077,9763958.00002,11798958.00002,81828,490968,523699.2,450054,484839.999989999
"366",1077.5,9804917.99997,11839917.99997,81998.9999999,491993.9999994,524793.59999936,450994.49999945,485870
"367",1078,9845958.00004,11880958.00004,82169,493014,525881.6,451929.5,486890.000020001
"368",1078.5,9887087.99997,11922087.99997,82339,494034,526969.6,452864.5,487909.999950001
"369",1079,9928298.00003,11963298.00003,82509,495054,528057.6,453799.5,488930.000049999
"370",1079.5,9969598.00004,12004598.00004,82679.0000001,496074.0000006,529145.60000064,454734.50000055,489950.000080001
"371",1080,10010978,12045978,82848.9999999,497093.9999994,530233.59999936,455669.49999945,490970.000010001
"372",1080.5,10052448,12087448,83007.9,498047.4,531250.56,456543.45,492000.000010001
"373",1081,10093998,12128998,83166.7999999,499000.7999994,532267.51999936,457417.39999945,493010.000010001
"374",1081.5,10135648,12170648,83325.7,499954.2,533284.48,458291.35,494050.00003
"375",1082,10177378,12212378,83484.5999999,500907.5999994,534301.43999936,459165.29999945,495080.000019999
"376",1082.5,10219198,12254198,83643.5,501861,535318.4,460039.25,496109.999980001
"377",1083,10261098,12296098,83802.4000001,502814.4000006,536335.36000064,460913.20000055,497139.999980001
"378",1083.5,10303098,12338098,83961.3,503767.8,537352.32,461787.15,498180.00003
"379",1084,10345178,12380178,84120.2000001,504721.2000006,538369.28000064,462661.10000055,499219.99996
"380",1084.5,10387348,12422348,84279.1,505674.6,539386.24,463535.05,500260.00003
"381",1085,10429608,12464608,84438.0000001,506628.0000006,540403.20000064,464409.00000055,501309.99997
"382",1085.5,10471948,12506948,84596.9,507581.4,541420.16,465282.95,502349.99996
"383",1086,10514388,12549388,84755.8000001,508534.8000006,542437.12000064,466156.90000055,503410
"384",1086.5,10556908,12591908,84914.7,509488.2,543454.08,467030.85,504460
"385",1087,10599518,12634518,85073.6000001,510441.6000006,544471.04000064,467904.80000055,505520
"386",1087.5,10642218,12677218,85232.4999999,511394.9999994,545487.99999936,468778.74999945,506570
"387",1088,10684998,12719998,85391.4000001,512348.4000006,546504.96000064,469652.70000055,507620
"388",1088.5,10727868,12762868,85550.2999999,513301.7999994,547521.91999936,470526.64999945,508670
"389",1089,10770828,12805828,85709.2000001,514255.2000006,548538.88000064,471400.60000055,509730
"390",1089.5,10813878,12848878,85868.0999999,515208.5999994,549555.83999936,472274.54999945,510780
"391",1090,10857008,12892008,86027,516162,550572.8,473148.5,511830
"392",1090.5,10900238,12935238,86185.8999999,517115.3999994,551589.75999936,474022.44999945,512890
"393",1091,10943548,12978548,86344.8,518068.8,552606.72,474896.4,513940
"394",1091.5,10986938,13021938,86503.6999999,519022.1999994,553623.67999936,475770.34999945,514990
"395",1092,11030418,13065418,86662.6,519975.6,554640.64,476644.3,516030
"396",1092.5,11073988,13108988,86821.4999999,520928.9999994,555657.59999936,477518.24999945,517080
"397",1093,11117638,13152638,86980.4,521882.4,556674.56,478392.2,518120
"398",1093.5,11161378,13196378,87139.2999999,522835.7999994,557691.51999936,479266.14999945,519160
"399",1094,11205208,13240208,87298.2,523789.2,558708.48,480140.1,520210
"400",1094.5,11249118,13284118,87457.0999999,524742.5999994,559725.43999936,481014.04999945,521250
"401",1095,11293118,13328118,87616.0629805,525696.377883,560742.8030752,481888.34639275,522290
"402",1095.5,11336955.1197,13371955.1197,87761.0532729,526566.3196374,561670.74094656,482685.79300095,523077.1197
"403",1096,11380872.8075,13415872.8075,87923.7290096,527542.3740576,562711.86566144,483580.5095528,523864.807499999
"404",1096.5,11424872.4439,13459872.4439,88069.7401398,528418.4408388,563646.33689472,484383.5707689,524634.4439
"405",1097,11468946.2475,13503946.2475,88240.769955,529444.61973,564740.927712,485324.2347525,525398.247500001
"406",1097.5,11513107.0817,13548107.0817,88399.7762586,530398.6575516,565758.56805504,486198.7694223,526169.081700001
"407",1098,11557346.9917,13592346.9917,88574.128722,531444.772332,566874.4238208,487157.707971,526928.991699999
"408",1098.5,11601673.6576,13636673.6576,88726.5688626,532359.4131756,567850.04072064,487996.1287443,527685.657600001
"409",1099,11646067.2685,13681067.2685,88904.0578249,533424.3469494,568985.97007936,488972.31803695,528429.2685
"410",1099.5,11690576.8854,13725576.8854,89117.5339873,534705.2039238,570352.21751872,490146.43693015,529198.885399999
"411",1100,11735176.0511,13770176.0511,89299.8655946,535799.1935676,571519.13980544,491149.2607703,529968.051100001
"412",1100.5,11779866.8136,13814866.8136,89457.9466665,536747.679999,572530.8586656,492018.70666575,530748.8136
"413",1101,11824637.1015,13859637.1015,89646.3175814,537877.9054884,573736.43252096,493054.7466977,531519.101500001
"414",1101.5,11869502.2729,13904502.2729,89808.4648596,538850.7891576,574774.17510144,493946.5567278,532547.153200001
"415",1102,11914439.1276,13949439.1276,89969.5007274,539817.0043644,575804.80465536,494832.2540007,533566.3201
"416",1102.5,11959478.5345,13994478.5345,90157.210661,540943.263966,577006.1482304,495864.6586355,534606.090599999
"417",1103,12004602.4433,14039602.4433,90358.9268949,542153.5613694,578297.13212736,496974.09792195,535656.195799999
"418",1103.5,12049826.6301,14084826.6301,90532.3796397,543194.2778382,579407.22969408,497928.08801835,536719.5484
"419",1104,12095140.259,14130140.259,90742.850396,544457.102376,580754.2425344,499085.677178,537793.2673
"420",1104.5,12140560.3196,14175560.3196,90940.0221149,545640.1326894,582016.14153536,500170.12163195,538886.661999999
"421",1105,12186069.168,14221069.168,91125.8630083,546755.1780498,583205.52325312,501192.24654565,540001.899499999
"422",1105.5,12231691.0554,14266691.0554,91336.5630083,548019.3780498,584554.00325312,502351.09654565,541114.170000002
"423",1106,12277410.0627,14312410.0627,91559.7142525,549358.285515,585982.171216,503578.42838875,542234.011599999
"424",1106.5,12323247.8008,14358247.8008,91788.0772631,550728.4635786,587443.69448384,504834.42494705,543380.987199999
"425",1107,12369192.2433,14404192.2433,92005.5959515,552033.575709,588835.8140896,506030.77773325,544555.141799999
"426",1107.5,12415245.856,14450245.856,92205.3494808,553232.0968848,590114.23667712,507129.4221444,545743.5831
"427",1108,12461401.6615,14496401.6615,92446.7091558,554680.2549348,591658.93859712,508456.9003569,546962.5339
"428",1108.5,12507673.6086,14542673.6086,92678.4042426,556070.4254556,593141.78715264,509731.2233343,548195.074100001
"429",1109,12554079.8163,14589079.8163,92962.6047333,557775.6283998,594960.67029312,511294.32603315,549477.373
"430",1109.5,12600613.9383,14635613.9383,93165.8566,558995.1396,596261.48224,512412.2113,550787.3082
"431",1110,12647247.2783,14682247.2783,93419.1801007,560515.0806042,597882.75264448,513805.49055385,552107.019300001
"432",1110.5,12694010.3447,14729010.3447,93634.5460671,561807.2764026,599261.09482944,514990.00336905,553450.0251
"433",1111,12740876.2858,14775876.2858,93886.1058139,563316.6348834,600871.07720896,516373.58197645,554807.117800001
"434",1111.5,12787856.3157,14822856.3157,94064.2881306,564385.7287836,602011.44403584,517353.5847183,556165.260299999
"435",1112,12834932.789,14869932.789,94285.0566269,565710.3397614,603424.36241216,518567.81144795,557522.726300001
"436",1112.5,12882121.6684,14917121.6684,94473.6404328,566841.8425968,604631.29876992,519605.0223804,558873.867600001
"437",1113,12929400.7594,14964400.7594,94686.0490498,568116.2942988,605990.71391872,520773.2697739,560208.516100001
"438",1113.5,12976786.5714,15011786.5714,94850.912689,569105.476134,607045.8412096,521680.0197895,561540.715399999
"439",1114,13024254.8974,15059254.8974,95055.8882978,570335.3297868,608357.68510592,522807.3856379,562853.2359
"440",1114.5,13071819.6612,15106819.6612,95243.5830037,571461.4980222,609558.93122368,523839.70652035,564146.0526
"441",1115,13119488.2087,15154488.2087,95459.938013,572759.628078,610943.6032832,525029.6590715,565408.3924
"442",1115.5,13167265.4873,15202265.4873,95643.9947371,573863.9684226,612121.56631744,526041.97105405,566651.548999999
"443",1116,13215135.3925,15250135.3925,95858.7786507,575152.6719042,613496.18336448,527223.28257885,567888.1142
"444",1116.5,13263113.8442,15298113.8442,96057.2714311,576343.6285866,614766.53715904,528314.99287105,569103.499500001
"445",1117,13311186.6718,15346186.6718,96253.025926,577518.155556,616019.3659264,529391.642593,570310.386
"446",1117.5,13359355.6301,15394355.6301,96415.2469369,578491.4816214,617057.58039616,530283.85815295,571499.3144
"447",1118,13407594.2182,15442594.2182,96571.0502218,579426.3013308,618054.72141952,531140.7762199,572661.429199999
"448",1118.5,13455931.7601,15490931.7601,96749.2813836,580495.6883016,619195.40085504,532121.0476098,573810.091699999
"449",1119,13504347.2022,15539347.2022,96928.449283,581570.695698,620342.0754112,533106.4710565,574946.442799998
"450",1119.5,13552852.0615,15587852.0615,97084.7645786,582508.5874716,621342.49330304,533966.2051823,576065.4901
"451",1120,13601435.3455,15636435.3455,97261.2768082,583567.6608492,622472.17157248,534937.0224451,577180.448100001
"452",1120.5,13650107.5566,15685107.5566,97422.1149233,584532.6895398,623501.53550912,535821.63207815,578287.895400001
"453",1121,13698851.7561,15733851.7561,97588.7930891,585532.7585346,624568.27577024,536738.36199005,579363.547400001
"454",1121.5,13747698.8181,15782698.8181,97777.9728465,586667.837079,625779.0262176,537778.85065575,580433.330800001
"455",1122,13796635.7687,15831635.7687,97983.2360393,587899.4162358,627092.71065152,538907.79821615,581500.3762
"456",1122.5,13845676.0069,15880676.0069,98172.4088856,589034.4533136,628303.41686784,539948.2488708,582562.162699999
"457",1123,13894813.1592,15929813.1592,98389.2402955,590335.441773,629691.1378912,541140.82162525,583626.487399999
"458",1123.5,13944059.6885,15979059.6885,98588.430029,591530.580174,630965.9521856,542236.3651595,584704.0584
"459",1124,13993404.4922,16028404.4922,98804.5320145,592827.192087,632349.0048928,543424.92607975,585810.274
"460",1124.5,14042853.475,16077853.475,99042.7348263,594256.4089578,633873.50288832,544735.04154465,586921.7149
"461",1125,14092429.2477,16127429.2477,99275.4136357,595652.4818142,635362.64726848,546014.77499635,588082.045500001
"462",1125.5,14142122.0084,16177122.0084,99488.6481617,596931.8889702,636727.34823488,547187.56488935,589269.946900001
"463",1126,14191920.5247,16226920.5247,99720.6606007,598323.9636042,638212.22784448,548463.63330385,590485.179200001
"464",1126.5,14241840.7448,16276840.7448,99967.9171264,599807.5027584,639794.66960896,549823.5441952,591733.188199999
"465",1127,14291876.4094,16326876.4094,100191.844647,601151.067882,641227.8057408,551055.1455585,593024.653299998
"466",1127.5,14342013.776,16377013.776,100391.343458,602348.060748,642504.5981312,552152.389019,594314.957900001
"467",1128,14392260.8512,16427260.8512,100617.153401,603702.920406,643949.7817664,553394.3437055,595625.0825
"468",1128.5,14442623.5552,16477623.5552,100840.932058,605045.592348,645381.9651712,554625.126319,596947.5483
"469",1129,14493095.2497,16528095.2497,101062.553629,606375.321774,646800.3432256,555844.0449595,598282.090500001
"470",1129.5,14543676.0746,16578676.0746,101254.795739,607528.774434,648030.6927296,556901.3765645,599616.3861
"471",1130,14594353.5141,16629353.5141,101477.267989,608863.607934,649454.5151296,558124.9739395,600949.0219
"472",1130.5,14645137.2698,16680137.2698,101703.973143,610223.838858,650905.4281152,559371.8522865,602283.7948
"473",1131,14696039.588,16731039.588,101926.941828,611561.650968,652332.4276992,560598.180054,603610.340299999
"474",1131.5,14747053.1205,16782053.1205,102120.593042,612723.558252,653571.7954688,561663.261731,604931.1121
"475",1132,14798163.2633,16833163.2633,102349.993333,614099.959998,655039.9573312,562924.9633315,606242.738599999
"476",1132.5,14849388.4966,16884388.4966,102544.430029,615266.580174,656284.3521856,563994.3651595,607547.751800001
"477",1133,14900711.0277,16935711.0277,102784.161176,616704.967056,657818.6315264,565312.886468,608834.6183
"478",1133.5,14952154.5607,16987154.5607,102983.935735,617903.61441,659097.188704,566411.6465425,610140.784699999
"479",1134,15003688.7923,17038688.7923,103188.82688,619132.96128,660408.492032,567538.54784,611427.941100001
"480",1134.5,15055351.3295,17090351.3295,103426.221726,620557.330356,661927.8190464,568844.219493,612727.774300002
"481",1135,15107118.9739,17142118.9739,103670.290905,622021.74543,663489.861792,570186.5999775,614023.724199999
"482",1135.5,15159012.9738,17194012.9738,104284.726338,625708.358028,667422.2485632,573565.994859,615336.8992
"483",1136,15211315.5726,17246315.5726,104815.910237,628895.461422,670821.8255168,576487.5063035,616962.058499999
"484",1136.5,15263817.5683,17298817.5683,105182.988367,631097.930202,673171.1255488,578506.4360185,618680.2985
"485",1137,15316471.2952,17351471.2952,105460.398235,632762.38941,674946.548704,580032.1902925,620431.7072
"486",1137.5,15369288.2865,17404288.2865,105757.998597,634547.991582,676851.1910208,581668.9922835,622235.165999999
"487",1138,15422233.171,17457233.171,106073.211346,636439.268076,678868.5526144,583402.662403,624069.9077
"488",1138.5,15475338.0991,17510338.0991,106345.387856,638072.327136,680610.4822784,584899.633208,625949.602499999
"489",1139,15528574.4049,17563574.4049,106649.22394,639895.34364,682555.033216,586570.73167,627863.3772
"490",1139.5,15581958.2837,17616958.2837,106878.598919,641271.593514,684023.0330816,587832.2940545,629803.723000001
"491",1140,15635449.3987,17670449.3987,107119.538279,642717.229674,685565.0449856,589157.4605345,631760.6064
"492",1140.5,15689102.627,17724102.627,107440.358998,644642.153988,687618.2975872,590921.974489,633751.297499999
"493",1141,15742879.3814,17777879.3814,107706.705134,646240.230804,689322.9128576,592386.878237,635760.407500001
"494",1141.5,15796788.6397,17831788.6397,107924.46806,647546.80836,690716.595584,593584.57433,637775.665899999
"495",1142,15850807.8604,17885807.8604,108202.970678,649217.824068,692499.0123392,595116.338729,639492.287800001
"496",1142.5,15904969.4008,17939969.4008,108439.693394,650638.160364,694014.0377216,596418.313667,641151.832500001
"497",1143,15959245.8692,17994245.8692,108713.037038,652278.222228,695763.4370432,597921.703709,642774.574000001
"498",1143.5,16013645.5873,18048645.5873,108922.239126,653533.434756,697102.3304064,599072.315193,644357.300800001
"499",1144,16068161.4319,18103161.4319,109197.800411,655186.802466,698865.9226304,600587.9022605,645928.2609
"500",1144.5,16122822.0083,18157822.0083,109439.029502,656634.177012,700409.7888128,601914.662261,647483.909200002
"501",1145,16177600.8697,18212600.8697,109719.218455,658315.31073,702202.998112,603455.7015025,649026.4648
"502",1145.5,16232520.5802,18267520.5802,109952.862981,659717.177886,703698.3230784,604740.7463955,650562.296499999
"503",1146,16287557.66,18322557.66,110242.033605,661452.20163,705549.015072,606331.1848275,652108.261299999
"504",1146.5,16342736.1664,18377736.1664,110505.880967,663035.285802,707237.6381888,607782.3453185,653633.5394
"505",1147,16398050.2093,18433050.2093,110789.935828,664739.614968,709055.5892992,609344.647054,655170.8279
"506",1147.5,16453505.4476,18488505.4476,111023.090087,666138.540522,710547.7765568,610626.9954785,656716.8079
"507",1148,16509077.2315,18544077.2315,111305.982014,667835.892084,712358.2848896,612182.901077,658269.371099999
"508",1148.5,16564795.916,18599795.916,111557.380729,669344.284374,713967.2366656,613565.5940095,659826.515199998
"509",1149,16620634.9511,18655634.9511,111838.762519,671032.575114,715768.0801216,615113.1938545,661389.081899999
"510",1149.5,16676615.5473,18711615.5473,112076.574224,672459.445344,717290.0750336,616421.158232,662969.959999999
"511",1150,16732705.1879,18767705.1879,112323.061057,673938.366342,718867.5907648,617776.8358135,664543.755999999
"512",1150.5,16788954.3371,18823954.3371,112626.388706,675758.332236,720808.8877184,619445.137883,666132.328799998
"513",1151,16845331.8909,18880331.8909,112916.817767,677500.906602,722667.6337088,621042.4977185,667731.021200001
"514",1151.5,16901855.936,18936855.936,113194.370027,679166.220162,724443.9681728,622569.0351485,669335.355800001
"515",1152,16958547.835,18993547.835,113557.451682,681344.710092,726767.6907648,624565.984251,670990.175000001
"516",1152.5,17015394.7454,19050394.7454,113820.319356,682921.916136,728450.0438784,626011.756458,672658.579
"517",1153,17072358.4132,19107358.4132,114072.098205,684432.58923,730061.428512,627396.5401275,674308.203899998
"518",1153.5,17129472.7417,19164472.7417,114344.890469,686069.342814,731807.2990016,628896.8975795,675967.294100001
"519",1154,17186706.5317,19221706.5317,114616.375278,687698.251668,733544.8017792,630390.064029,677629.3002
"520",1154.5,17244078.8737,19279078.8737,114873.169855,689239.01913,735188.287072,631802.4342025,679282.957700001
"521",1155,17301581.6011,19336581.6011,115153.162317,690918.973902,736980.2388288,633342.3927435,680946.650000002
"522",1155.5,17359218.6715,19394218.6715,115387.190214,692323.141284,738478.0173696,634629.546177,682603.124200001
"523",1156,17416961.4004,19451961.4004,115624.363371,693746.180226,739995.9255744,635933.9985405,684256.212500002
"524",1156.5,17474858.0936,19509858.0936,115912.138903,695472.833418,741837.6889792,637516.7639665,685903.756500002
"525",1157,17532876.9881,19567876.9881,116204.792031,697228.752186,743710.6689984,639126.3561705,687545.097199999
"526",1157.5,17591045.0541,19626045.0541,116466.084698,698796.508188,745382.9420672,640563.465839,689189.118099999
"527",1158,17649368.799,19684368.799,116849.036052,701094.216312,747833.8307328,642669.698286,690820.963999998
"528",1158.5,17707859.7737,19742859.7737,117105.458411,702632.750466,749474.9338304,644080.0212605,692465.028299998
"529",1159,17766478.3155,19801478.3155,117410.218382,704461.310292,751425.3976448,645756.201101,694119.9023
"530",1159.5,17825242.8877,19860242.8877,117683.370183,706100.221098,753173.5691712,647258.5360065,695770.145999998
"531",1160,17884154.1295,19919154.1295,117993.74399,707962.46394,755159.961536,648965.591945,697447.597800002
"532",1160.5,17943222.9145,19978222.9145,118275.071603,709650.429618,756960.4582592,650512.8938165,699144.040800001
"533",1161,18002431.8458,20037431.8458,118592.58556,711555.51336,758992.547584,652259.22058,700850.2447
"534",1161.5,18061799.8462,20096799.8462,118870.494629,713222.967774,760771.1656256,653787.7204595,702581.174699999
"535",1162,18121306.9569,20156306.9569,119191.525198,715149.151188,762825.7612672,655553.388589,704345.556499999
"536",1162.5,18180962.6822,20215962.6822,119472.058569,716832.351414,764621.1748416,657096.3221295,706104.588599999
"537",1163,18240770.931,20275770.931,119795.113163,718770.678978,766688.7242432,658873.1223965,707893.942900002
"538",1163.5,18300740.1416,20335740.1416,120072.55273,720435.31638,768464.337472,660399.040015,709695.087500002
"539",1164,18360848.9944,20395848.9944,120422.264786,722533.588716,770702.4946304,662322.456323,711480.1954
"540",1164.5,18421137.7005,20456137.7005,120716.517697,724299.106182,772585.7132608,663940.8473335,713277.926800001
"541",1165,18481577.9451,20516577.9451,121098.954457,726593.726742,775033.3085248,666044.2495135,715099.6296
"542",1165.5,18542191.9568,20577191.9568,121398.15025,728388.9015,776948.1616,667689.826375,716949.0691
"543",1166,18602971.7199,20637971.7199,121792.767756,730756.606536,779473.7136384,669860.222658,718817.590399999
"544",1166.5,18663947.1058,20698947.1058,122102.448561,732614.691366,781455.6707904,671563.4670855,720724.191299997
"545",1167,18725078.3236,20760078.3236,122473.7162,734842.2972,783831.78368,673605.4391,722646.4778
"546",1167.5,18786395.0903,20821395.0903,122787.176801,736723.060806,785837.9315264,675329.4724055,724595.244100001
"547",1168,18847874.4872,20882874.4872,123167.886049,739007.316294,788274.4707136,677423.3732695,726567.530299999
"548",1168.5,18909540.4162,20944540.4162,123492.051663,740952.309978,790349.1306432,679206.2841465,728577.734000001
"549",1169,18971359.9056,21006359.9056,123829.422451,742976.534706,792508.3036864,681061.8234805,730588.974599998
"550",1169.5,19033395.6016,21068395.6016,124275.484063,745652.904378,795363.0980032,683515.1623465,732655.459999997
"551",1170,19095622.0299,21130622.0299,124673.046974,748038.281844,797907.5006336,685701.758357,734773.035500001
"552",1170.5,19158042.7236,21193042.7236,125002.385113,750014.310678,800015.2647232,687513.1181215,736905.0231
"553",1171,19220628.8099,21255628.8099,125393.593984,752361.563904,802519.0014976,689664.766912,739050.864800002
"554",1171.5,19283415.1797,21318415.1797,125752.768112,754516.608672,804817.7159168,691640.224616,741223.222899999
"555",1172,19346370.1734,21381370.1734,126109.248934,756655.493604,807099.1931776,693600.869137,743398.453499999
"556",1172.5,19409537.0881,21444537.0881,126506.685072,759040.110432,809642.7844608,695786.767896,745589.982300002
"557",1173,19472881.4427,21507881.4427,126903.452099,761420.712594,812182.0934336,697968.9865445,747803.119099997
"558",1173.5,19536423.464,21571423.464,127257.662078,763545.972468,814449.0372992,699917.141429,750028.3737
"559",1174,19600143.5015,21635143.5015,127655.083703,765930.502218,816992.5356992,702102.9603665,752269.0143
"560",1174.5,19664064.9881,21699064.9881,128031.325116,768187.950696,819400.4807424,704172.288138,754524.571899999
"561",1175,19728171.063,21763171.063,128425.96667,770555.80002,821926.186688,706342.816685,756811.157400001
"562",1175.5,19792458.7201,21827458.7201,128767.179817,772603.078902,824109.9508288,708219.4889935,759063.118500002
"563",1176,19856928.1532,21891928.1532,129147.38808,774884.32848,826543.283712,710310.63444,761306.123300001
"564",1176.5,19921586.7871,21956586.7871,129478.171116,776869.026696,828660.2951424,712129.941138,763544.063499998
"565",1177,19986408.4531,22021408.4531,129833.923376,779003.540256,830937.1096064,714086.578568,765779.643199999
"566",1177.5,20051404.1698,22086404.1698,130139.88281,780839.29686,832895.249984,715769.355455,767988.9901
"567",1178,20116552.0444,22151552.0444,130489.589272,782937.535632,835133.3713408,717692.740996,770181.870999999
"568",1178.5,20181862.0992,22216862.0992,130795.107789,784770.646734,837088.6898496,719373.0928395,772325.011099998
"569",1179,20247345.6039,22282345.6039,131158.298376,786949.790256,839413.1096064,721370.641068,774464.161200002
"570",1179.5,20313002.2443,22348002.2443,131459.753649,788758.521894,841342.4233536,723028.6450695,776578.780299999
"571",1180,20378809.302,22413809.302,131791.783888,790750.703328,843467.4168832,724854.811384,778665.800500002
"572",1180.5,20444779.6959,22479779.6959,132080.8726,792485.2356,845317.58464,726444.7993,780714.707800001
"573",1181,20510893.3361,22545893.3361,132402.352746,794414.116476,847375.0575744,728212.940103,782722.2731
"574",1181.5,20577156.063,22612156.063,132693.906419,796163.438514,849241.0010816,729816.4853045,784697.342900001
"575",1182,20643603.7066,22678603.7066,133085.740607,798514.443642,851748.7398848,731971.5733385,786675.553399999
"576",1182.5,20710222.404,22745222.404,133380.362744,800282.176464,853634.3215616,733591.995092,788635.616900001
"577",1183,20776987.0577,22811987.0577,133699.336977,802196.021862,855675.7566528,735346.3533735,790578.604600001
"578",1183.5,20843911.9856,22878911.9856,133992.449312,803954.695872,857551.6755968,736958.471216,792507.8158
"579",1184,20910985.0652,22945985.0652,134311.769934,805870.619604,859595.3275776,738714.734637,794433.020800002
"580",1184.5,20978218.5397,23013218.5397,134615.197194,807691.183164,861537.2620416,740383.584567,796356.440500002
"581",1185,21045591.4801,23080591.4801,134923.276198,809539.657188,863508.9676672,742078.019089,798245.876199998
"582",1185.5,21113142.5784,23148142.5784,135256.345842,811538.075052,865640.6133888,743909.902131,800140.334100001
"583",1186,21180851.0245,23215851.0245,135597.952292,813587.713752,867826.8946688,745788.737606,802041.7225
"584",1186.5,21248730.3371,23283730.3371,135912.317586,815473.905516,869838.8325504,747517.746723,803950.641199999
"585",1187,21316767.159,23351767.159,136249.372239,817496.233434,871995.9823296,749371.5473145,805873.822900001
"586",1187.5,21384972.4652,23419972.4652,136567.133179,819402.799074,874029.6523456,751119.2324845,807816.402199998
"587",1188,21453331.0868,23488331.0868,136896.572917,821379.437502,876138.0666688,752931.1510435,809727.380200002
"588",1188.5,21521871.1731,23556871.1731,137232.556363,823395.338178,878288.3607232,754779.0599965,811648.769099999
"589",1189,21590568.3706,23625568.3706,137569.812261,825418.873566,880446.7984704,756633.9674355,813581.312899999
"590",1189.5,21659432.8059,23694432.8059,137909.767361,827458.604166,882622.5111104,758503.7204855,815520.820300002
"591",1190,21728468.6181,23763468.6181,138245.642805,829473.85683,884772.113952,760351.0354275,817483.552899998
"592",1190.5,21797669.2683,23832669.2683,138549.039156,831294.234936,886713.8505984,762019.715358,819450.728599999
"593",1191,21867021.7597,23902021.7597,138873.096544,833238.579264,888787.8178816,763802.030992,821430.279600002
"594",1191.5,21936522.5242,23971522.5242,139178.999411,835073.996466,890745.5962304,765484.4967605,823379.945799999
"595",1192,22006193.9147,24041193.9147,139519.051764,837114.310584,892921.9312896,767354.784702,825342.8902
"596",1192.5,22076036.4412,24111036.4412,139842.360985,839054.16591,894991.110304,769132.9854175,827306.1041
"597",1193,22146040.2822,24181040.2822,140183.332913,841099.997478,897173.3306432,771008.3310215,829273.123199999
"598",1193.5,22216214.8865,24251214.8865,140506.724968,843040.349808,899243.0397952,772786.987324,831242.421300001
"599",1194,22286551.8997,24321551.8997,140854.930154,845129.580924,901471.5529856,774702.115847,833220.812899999
"600",1194.5,22357051.8761,24392051.8761,141193.471811,847160.830866,903638.2195904,776564.0949605,835180.703000002
"601",1195,22427735.8263,24462735.8263,141553.993662,849323.961972,905945.5594368,778546.965141,837167.455699999
"602",1195.5,22498597.8607,24533597.8607,141885.120832,851310.724992,908064.7733248,780368.164576,839165.0548
"603",1196,22569624.0804,24604624.0804,142223.74649,853342.47894,910231.977536,782230.605695,841155.462300003
"604",1196.5,22640816.464,24675816.464,142536.328299,855217.969794,912232.5011136,783949.8056445,843147.195700001
"605",1197,22712165.7598,24747165.7598,142870.39796,857222.38776,914370.546944,785787.18878,845144.000099998
"606",1197.5,22783668.3333,24818668.3333,143189.348285,859136.08971,916411.829024,787541.4155675,847145.809099998
"607",1198,22855346.3735,24890346.3735,143531.319162,861187.914972,918600.4426368,789422.255391,849152.458799999
"608",1198.5,22927195.6834,24962195.6834,143855.386414,863132.318484,920674.4730496,791204.625277,851159.242200002
"609",1199,22999205.0303,25034205.0303,144191.484273,865148.905638,922825.4993472,793053.1635015,853164.748099998
"610",1199.5,23071381.2962,25106381.2962,144503.710891,867022.265346,924823.7497024,794770.4099005,855166.409699999
"611",1200,23143713.5704,25178713.5704,144834.116038,869004.696228,926938.3426432,796587.638209,857161.670699999
"612",1200.5,23216210.3752,25251210.3752,145144.152294,870864.913764,928922.5746816,798292.837617,859158.4991
"613",1201,23288848.8968,25323848.8968,145458.023427,872748.140562,930931.3499328,800019.1288485,861113.070500001
"614",1201.5,23361678.5308,25396678.5308,145852.829714,875116.978284,933458.1101696,802190.563427,863080.6701
"615",1202,23434687.9553,25469687.9553,146196.888419,877181.330514,935660.0858816,804082.8863045,865063.874899998
"616",1202.5,23507875.0307,25542875.0307,146560.869309,879365.215854,937989.5635776,806084.7811995,867058.566699997
"617",1203,23581326.4346,25616326.4346,147143.769027,882862.614162,941720.1217728,809290.7296485,869160.674800001
"618",1203.5,23654986.1521,25689986.1521,147480.398454,884882.390724,943874.5501056,811142.191497,871317.818800002
"619",1204,23728794.5107,25763794.5107,147803.168649,886819.011894,945940.2793536,812917.4275695,873448.137199998
"620",1204.5,23802788.0943,25837788.0943,148147.671845,888886.03107,948145.099808,814812.1951475,875592.4109
"621",1205,23876949.5085,25911949.5085,148511.018502,891066.111012,950470.5184128,816810.601761,877744.4782
"622",1205.5,23951313.9736,25986313.9736,148937.655636,893625.933816,953200.9960704,819157.105998,879932.6774
"623",1206,24025868.873,26060868.873,149292.453401,895754.720406,955471.7017664,821108.4937055,882155.3026
"624",1206.5,24100601.7116,26135601.7116,149631.109825,897786.65895,957639.10288,822971.1040375,884391.336399999
"625",1207,24175487.3889,26210487.3889,149961.590097,899769.540582,959754.1766208,824788.7455335,886638.4921
"626",1207.5,24250561.0238,26285561.0238,150302.995061,901817.970366,961939.1683904,826666.4728355,888882.493000001
"627",1208,24325795.0973,26360795.0973,150642.933302,903857.599812,964114.7731328,828536.133161,891107.142000001
"628",1208.5,24401198.678,26436198.678,150961.188536,905767.131216,966151.6066304,830286.536948,893323.647300001
"629",1209,24476760.189,26511760.189,151297.726552,907786.359312,968305.4499328,832137.496036,895433.7544
"630",1209.5,24552489.7267,26587489.7267,151609.704197,909658.225182,970302.1068608,833853.3730835,897503.5746
"631",1210,24628375.1209,26663375.1209,151940.854659,911645.127954,972421.4698176,835674.7006245,899580.610200003
"632",1210.5,24704411.0353,26739411.0353,152254.15213,913524.91278,974426.573632,837397.836715,901622.941
"633",1211,24780617.3303,26815617.3303,152579.702668,915478.216008,976510.0970752,839188.364674,903667.821800001
"634",1211.5,24856985.7013,26891985.7013,152883.614673,917301.688038,978455.1339072,840859.8807015,905671.727699999
"635",1212,24933504.3131,26968504.3131,153196.46788,919178.80728,980457.394432,842580.57334,907635.440099999
"636",1212.5,25010178.227,27045178.227,153489.530561,920937.183366,982332.9955904,844192.4180855,909576.515400004
"637",1213,25086998.1238,27121998.1238,153793.125087,922758.750522,984276.0005568,845862.1879785,911510.734899998
"638",1213.5,25163954.0925,27198954.0925,154082.108879,924492.653274,986125.4968256,847451.5988345,913393.068700001
"639",1214,25241070.2899,27276070.2899,154385.310621,926311.863726,988065.9879744,849119.2084155,915275.192600001
"640",1214.5,25318337.0445,27353337.0445,154672.072025,928032.43215,989901.26096,850696.3961375,917138.366500001
"641",1215,25395747.1699,27430747.1699,154967.790239,929806.741434,991793.8575296,852322.8463145,918986.980900001
"642",1215.5,25473302.1825,27508302.1825,155241.257073,931447.542438,993544.0452672,853826.9139015,920812.455800001
"643",1216,25550991.9003,27585991.9003,155517.106307,933102.637842,995309.4803648,855344.0846885,922616.779399998
"644",1216.5,25628819.4636,27663819.4636,155782.472579,934694.835474,997007.8245056,856803.5991845,924408.428299997
"645",1217,25706763.5984,27741763.5984,156056.573085,936339.43851,998762.067744,858311.1519675,926146.268100001
"646",1217.5,25784860.2749,27819860.2749,156321.022238,937926.133428,1000454.5423232,859765.622309,927874.573600002
"647",1218,25863089.9534,27898089.9534,156597.729648,939586.377888,1002225.4697472,861287.513064,929585.640300002
"648",1218.5,25941458.0968,27976458.0968,156865.599843,941193.599058,1003939.8389952,862760.7991365,931279.869799998
"649",1219,26019960.1525,28054960.1525,157142.038163,942852.228978,1005709.0442432,864281.2098965,932962.028700002
"650",1219.5,26098601.1374,28133601.1374,157411.955916,944471.735496,1007436.5178624,865765.757538,934647.0449
"651",1220,26177361.3303,28212361.3303,157682.938543,946097.631258,1009170.8066752,867256.1619865,936291.040399998
"652",1220.5,26256279.7349,28291279.7349,157972.240937,947833.445622,1011022.3419968,868847.3251535,937942.690400001
"653",1221,26335338.4489,28370338.4489,158262.419409,949574.516454,1012879.4842176,870443.3067495,939591.278999999
"654",1221.5,26414542.6614,28449542.6614,158545.36328,951272.17968,1014690.324992,871999.49804,941240.4789
"655",1222,26493891.8762,28528891.8762,158853.27848,953119.67088,1016660.982272,873693.03164,942899.975900002
"656",1222.5,26573396.6897,28608396.6897,159156.668647,954940.011882,1018602.6793408,875361.6775585,944577.226100001
"657",1223,26653037.7258,28688037.7258,159461.084987,956766.509922,1020550.9439168,877035.9674285,946274.1274
"658",1223.5,26732851.6098,28767851.6098,159773.799954,958642.799724,1022552.3197056,878755.899747,947991.334899999
"659",1224,26812815.8418,28847815.8418,160079.090975,960474.54585,1024506.18224,880435.0003625,949725.8884
"660",1224.5,26892930.1094,28927930.1094,160367.378501,962204.271006,1026351.2224064,882020.5817555,951472.012600001
"661",1225,26973186.6508,29008186.6508,160654.956177,963929.737062,1028191.7195328,883602.2589735,953226.498300001
"662",1225.5,27053585.9796,29088585.9796,160931.243981,965587.463886,1029959.9614784,885121.8418955,954984.8422
"663",1226,27134123.5506,29169123.5506,161217.73053,967306.38318,1031793.475392,886697.517915,956762.2203
"664",1226.5,27214787.5045,29249787.5045,161493.20363,968959.22178,1033556.503232,888212.619965,958507.7696
"665",1227,27295605.9036,29330605.9036,161777.4101,970664.4606,1035375.42464,889775.75555,960267.454700001
"666",1227.5,27376565.7136,29411565.7136,162052.72404,972316.34424,1037137.433856,891289.98222,962023.052199997
"667",1228,27457664.4102,29492664.4102,162341.394039,974048.364234,1038984.9218496,892877.6672145,963772.533999998
"668",1228.5,27538908.6495,29573908.6495,162624.468344,975746.810064,1040796.5974016,894434.575892,965511.959800001
"669",1229,27620294.1238,29655294.1238,162915.787638,977494.725828,1042661.0408832,896036.832009,967256.397999998
"670",1229.5,27701810.3005,29736810.3005,163204.877389,979229.264334,1044511.2152896,897626.8256395,968958.690700002
"671",1230,27783488.2871,29818488.2871,163503.986947,981023.921682,1046425.5164608,899271.9282085,970672.445299998
"672",1250,30809525,32844525,175800,1054800,1125120,966900,907811.013870001
